Seq #,Peptide start,Peptide end,Peptide sequence,Percentile rank,Allele
1,460,474,PITMNYNQFLELEKT,0.28,HLA-DPA1*01:03/DPB1*02:01
1,88,102,YFQSAIWSGFIKVKK,0.34,HLA-DPA1*01:03/DPB1*02:01
1,519,533,RIIFNGKDLNLVERR,1.4,HLA-DPA1*01:03/DPB1*02:01
1,45,59,SQGLLGYYFSDLNFQ,2.8,HLA-DPA1*01:03/DPB1*02:01
1,2,16,KKRKVLIPLMALSTI,3.1,HLA-DPA1*01:03/DPB1*02:01
1,226,240,KNKRTFLSPWISNIH,4,HLA-DPA1*01:03/DPB1*02:01
1,50,64,GYYFSDLNFQAPMVV,5.2,HLA-DPA1*01:03/DPB1*02:01
1,83,97,PSENQYFQSAIWSGF,5.7,HLA-DPA1*01:03/DPB1*02:01
1,598,612,LNVTNIYTVLDKIKL,7.3,HLA-DPA1*01:03/DPB1*02:01
1,287,301,AYPIVHVDMENIILS,8.7,HLA-DPA1*01:03/DPB1*02:01
1,460,474,PITMNYNQFLELEKT,0.19,HLA-DPA1*02:01/DPB1*01:01
1,88,102,YFQSAIWSGFIKVKK,0.84,HLA-DPA1*02:01/DPB1*01:01
1,2,16,KKRKVLIPLMALSTI,2,HLA-DPA1*02:01/DPB1*01:01
1,50,64,GYYFSDLNFQAPMVV,4,HLA-DPA1*02:01/DPB1*01:01
1,598,612,LNVTNIYTVLDKIKL,4.4,HLA-DPA1*02:01/DPB1*01:01
1,226,240,KNKRTFLSPWISNIH,4.6,HLA-DPA1*02:01/DPB1*01:01
1,45,59,SQGLLGYYFSDLNFQ,4.6,HLA-DPA1*02:01/DPB1*01:01
1,287,301,AYPIVHVDMENIILS,6.2,HLA-DPA1*02:01/DPB1*01:01
1,519,533,RIIFNGKDLNLVERR,7.1,HLA-DPA1*02:01/DPB1*01:01
1,83,97,PSENQYFQSAIWSGF,7.3,HLA-DPA1*02:01/DPB1*01:01
1,2,16,KKRKVLIPLMALSTI,0.21,HLA-DPA1*02:01/DPB1*05:01
1,88,102,YFQSAIWSGFIKVKK,0.75,HLA-DPA1*02:01/DPB1*05:01
1,460,474,PITMNYNQFLELEKT,1.2,HLA-DPA1*02:01/DPB1*05:01
1,598,612,LNVTNIYTVLDKIKL,4.5,HLA-DPA1*02:01/DPB1*05:01
1,133,147,NKIRLEKGRLYQIKI,4.6,HLA-DPA1*02:01/DPB1*05:01
1,465,479,YNQFLELEKTKQLRL,5.8,HLA-DPA1*02:01/DPB1*05:01
1,607,621,LDKIKLNAKMNILIR,6.6,HLA-DPA1*02:01/DPB1*05:01
1,139,153,KGRLYQIKIQYQREN,8,HLA-DPA1*02:01/DPB1*05:01
1,550,564,MTLKEALKIAFGFNE,8.2,HLA-DPA1*02:01/DPB1*05:01
1,226,240,KNKRTFLSPWISNIH,8.5,HLA-DPA1*02:01/DPB1*05:01
1,460,474,PITMNYNQFLELEKT,0.28,HLA-DPA1*03:01/DPB1*04:02
1,88,102,YFQSAIWSGFIKVKK,1.1,HLA-DPA1*03:01/DPB1*04:02
1,2,16,KKRKVLIPLMALSTI,1.4,HLA-DPA1*03:01/DPB1*04:02
1,50,64,GYYFSDLNFQAPMVV,4.3,HLA-DPA1*03:01/DPB1*04:02
1,287,301,AYPIVHVDMENIILS,4.8,HLA-DPA1*03:01/DPB1*04:02
1,226,240,KNKRTFLSPWISNIH,5,HLA-DPA1*03:01/DPB1*04:02
1,45,59,SQGLLGYYFSDLNFQ,5.7,HLA-DPA1*03:01/DPB1*04:02
1,598,612,LNVTNIYTVLDKIKL,6.2,HLA-DPA1*03:01/DPB1*04:02
1,519,533,RIIFNGKDLNLVERR,6.5,HLA-DPA1*03:01/DPB1*04:02
1,7,21,LIPLMALSTILVSST,8.6,HLA-DPA1*03:01/DPB1*04:02
1,45,59,SQGLLGYYFSDLNFQ,0.34,HLA-DQA1*01:01/DQB1*05:01
1,114,128,NHVTMWVDDQEVINK,0.71,HLA-DQA1*01:01/DQB1*05:01
1,50,64,GYYFSDLNFQAPMVV,2.4,HLA-DQA1*01:01/DQB1*05:01
1,281,295,RHPLVAAYPIVHVDM,3,HLA-DQA1*01:01/DQB1*05:01
1,157,171,KGLDFKLYWTDSQNK,3.5,HLA-DQA1*01:01/DQB1*05:01
1,460,474,PITMNYNQFLELEKT,4.7,HLA-DQA1*01:01/DQB1*05:01
1,574,588,KDITEFDFNFDQQTS,6.1,HLA-DQA1*01:01/DQB1*05:01
1,287,301,AYPIVHVDMENIILS,7.1,HLA-DQA1*01:01/DQB1*05:01
1,335,349,NAEVHASFFDIGGSV,8.6,HLA-DQA1*01:01/DQB1*05:01
1,394,408,RYVNTGTAPIYNVLP,1.1,HLA-DQA1*01:02/DQB1*06:02
1,425,439,AKENQLSQILAPNNY,1.2,HLA-DQA1*01:02/DQB1*06:02
1,590,604,NIKNQLAELNVTNIY,2.3,HLA-DQA1*01:02/DQB1*06:02
1,7,21,LIPLMALSTILVSST,2.6,HLA-DQA1*01:02/DQB1*06:02
1,353,367,FSNSNSSTVAIDHSL,5.1,HLA-DQA1*01:02/DQB1*06:02
1,511,525,PQIQETTARIIFNGK,5.3,HLA-DQA1*01:02/DQB1*06:02
1,55,69,DLNFQAPMVVTSSTT,5.5,HLA-DQA1*01:02/DQB1*06:02
1,440,454,YPSKNLAPIALNAQD,9,HLA-DQA1*01:02/DQB1*06:02
1,342,356,FFDIGGSVSAGFSNS,9.7,HLA-DQA1*01:02/DQB1*06:02
1,281,295,RHPLVAAYPIVHVDM,9.7,HLA-DQA1*01:02/DQB1*06:02
1,102,116,KSDEYTFATSADNHV,3.2,HLA-DQA1*03:01/DQB1*03:02
1,627,641,YDRNNIAVGADESVV,4.1,HLA-DQA1*03:01/DQB1*03:02
1,353,367,FSNSNSSTVAIDHSL,6.4,HLA-DQA1*03:01/DQB1*03:02
1,114,128,NHVTMWVDDQEVINK,6.9,HLA-DQA1*03:01/DQB1*03:02
1,16,30,ILVSSTGNLEVIQAE,7.2,HLA-DQA1*03:01/DQB1*03:02
1,500,514,VDTGSNWSEVLPQIQ,8.4,HLA-DQA1*03:01/DQB1*03:02
1,226,240,KNKRTFLSPWISNIH,3.4,HLA-DQA1*04:01/DQB1*04:02
1,281,295,RHPLVAAYPIVHVDM,4.4,HLA-DQA1*04:01/DQB1*04:02
1,88,102,YFQSAIWSGFIKVKK,7.7,HLA-DQA1*04:01/DQB1*04:02
1,231,245,FLSPWISNIHEKKGL,9.8,HLA-DQA1*04:01/DQB1*04:02
1,287,301,AYPIVHVDMENIILS,3,HLA-DQA1*05:01/DQB1*02:01
1,114,128,NHVTMWVDDQEVINK,3.5,HLA-DQA1*05:01/DQB1*02:01
1,474,488,TKQLRLDTDQVYGNI,4.8,HLA-DQA1*05:01/DQB1*02:01
1,627,641,YDRNNIAVGADESVV,5.6,HLA-DQA1*05:01/DQB1*02:01
1,50,64,GYYFSDLNFQAPMVV,8,HLA-DQA1*05:01/DQB1*02:01
1,102,116,KSDEYTFATSADNHV,9,HLA-DQA1*05:01/DQB1*02:01
1,574,588,KDITEFDFNFDQQTS,9.3,HLA-DQA1*05:01/DQB1*02:01
1,171,185,KKEVISSDNLQLPEL,9.4,HLA-DQA1*05:01/DQB1*02:01
1,342,356,FFDIGGSVSAGFSNS,0.95,HLA-DQA1*05:01/DQB1*03:01
1,394,408,RYVNTGTAPIYNVLP,4.1,HLA-DQA1*05:01/DQB1*03:01
1,347,361,GSVSAGFSNSNSSTV,4.9,HLA-DQA1*05:01/DQB1*03:01
1,281,295,RHPLVAAYPIVHVDM,7.9,HLA-DQA1*05:01/DQB1*03:01
1,329,343,TSEVHGNAEVHASFF,9.5,HLA-DQA1*05:01/DQB1*03:01
1,400,414,TAPIYNVLPTTSLVL,0.33,HLA-DRB1*01:01
1,2,16,KKRKVLIPLMALSTI,0.89,HLA-DRB1*01:01
1,409,423,TTSLVLGKNQTLATI,2.6,HLA-DRB1*01:01
1,7,21,LIPLMALSTILVSST,6.5,HLA-DRB1*01:01
1,622,636,DKRFHYDRNNIAVGA,7.1,HLA-DRB1*01:01
1,281,295,RHPLVAAYPIVHVDM,7.5,HLA-DRB1*01:01
1,133,147,NKIRLEKGRLYQIKI,7.7,HLA-DRB1*01:01
1,581,595,FNFDQQTSQNIKNQL,8.6,HLA-DRB1*01:01
1,615,629,KMNILIRDKRFHYDR,0.2,HLA-DRB1*03:01
1,474,488,TKQLRLDTDQVYGNI,0.28,HLA-DRB1*03:01
1,358,372,SSTVAIDHSLSLAGE,0.67,HLA-DRB1*03:01
1,622,636,DKRFHYDRNNIAVGA,1.9,HLA-DRB1*03:01
1,218,232,VEGYTVDVKNKRTFL,2.1,HLA-DRB1*03:01
1,133,147,NKIRLEKGRLYQIKI,2.6,HLA-DRB1*03:01
1,607,621,LDKIKLNAKMNILIR,3.1,HLA-DRB1*03:01
1,287,301,AYPIVHVDMENIILS,3.5,HLA-DRB1*03:01
1,171,185,KKEVISSDNLQLPEL,4.1,HLA-DRB1*03:01
1,495,509,NGRVRVDTGSNWSEV,6.2,HLA-DRB1*03:01
1,114,128,NHVTMWVDDQEVINK,7.2,HLA-DRB1*03:01
1,50,64,GYYFSDLNFQAPMVV,7.9,HLA-DRB1*03:01
1,632,646,IAVGADESVVKEAHR,9.4,HLA-DRB1*03:01
1,622,636,DKRFHYDRNNIAVGA,0.01,HLA-DRB1*04:01
1,50,64,GYYFSDLNFQAPMVV,0.12,HLA-DRB1*04:01
1,400,414,TAPIYNVLPTTSLVL,1.9,HLA-DRB1*04:01
1,389,403,LNANIRYVNTGTAPI,3.8,HLA-DRB1*04:01
1,435,449,APNNYYPSKNLAPIA,3.8,HLA-DRB1*04:01
1,295,309,MENIILSKNEDQSTQ,5.6,HLA-DRB1*04:01
1,394,408,RYVNTGTAPIYNVLP,6.3,HLA-DRB1*04:01
1,2,16,KKRKVLIPLMALSTI,6.9,HLA-DRB1*04:01
1,409,423,TTSLVLGKNQTLATI,7.4,HLA-DRB1*04:01
1,358,372,SSTVAIDHSLSLAGE,8.2,HLA-DRB1*04:01
1,102,116,KSDEYTFATSADNHV,8.3,HLA-DRB1*04:01
1,281,295,RHPLVAAYPIVHVDM,9.3,HLA-DRB1*04:01
1,622,636,DKRFHYDRNNIAVGA,0.78,HLA-DRB1*04:05
1,400,414,TAPIYNVLPTTSLVL,1.1,HLA-DRB1*04:05
1,598,612,LNVTNIYTVLDKIKL,1.4,HLA-DRB1*04:05
1,50,64,GYYFSDLNFQAPMVV,1.6,HLA-DRB1*04:05
1,389,403,LNANIRYVNTGTAPI,4.6,HLA-DRB1*04:05
1,2,16,KKRKVLIPLMALSTI,5.8,HLA-DRB1*04:05
1,102,116,KSDEYTFATSADNHV,8.3,HLA-DRB1*04:05
1,394,408,RYVNTGTAPIYNVLP,9.2,HLA-DRB1*04:05
1,400,414,TAPIYNVLPTTSLVL,0.36,HLA-DRB1*07:01
1,389,403,LNANIRYVNTGTAPI,1.3,HLA-DRB1*07:01
1,394,408,RYVNTGTAPIYNVLP,1.4,HLA-DRB1*07:01
1,511,525,PQIQETTARIIFNGK,2,HLA-DRB1*07:01
1,123,137,QEVINKASNSNKIRL,5.9,HLA-DRB1*07:01
1,409,423,TTSLVLGKNQTLATI,6.9,HLA-DRB1*07:01
1,88,102,YFQSAIWSGFIKVKK,8.4,HLA-DRB1*07:01
1,465,479,YNQFLELEKTKQLRL,8.8,HLA-DRB1*07:01
1,281,295,RHPLVAAYPIVHVDM,9.3,HLA-DRB1*07:01
1,171,185,KKEVISSDNLQLPEL,9.7,HLA-DRB1*07:01
1,524,538,GKDLNLVERRIAAVN,1.4,HLA-DRB1*08:02
1,420,434,LATIKAKENQLSQIL,2,HLA-DRB1*08:02
1,389,403,LNANIRYVNTGTAPI,2.4,HLA-DRB1*08:02
1,2,16,KKRKVLIPLMALSTI,2.7,HLA-DRB1*08:02
1,400,414,TAPIYNVLPTTSLVL,3.2,HLA-DRB1*08:02
1,607,621,LDKIKLNAKMNILIR,4.6,HLA-DRB1*08:02
1,281,295,RHPLVAAYPIVHVDM,5.7,HLA-DRB1*08:02
1,465,479,YNQFLELEKTKQLRL,6,HLA-DRB1*08:02
1,622,636,DKRFHYDRNNIAVGA,7.4,HLA-DRB1*08:02
1,139,153,KGRLYQIKIQYQREN,9.1,HLA-DRB1*08:02
1,281,295,RHPLVAAYPIVHVDM,2.6,HLA-DRB1*09:01
1,400,414,TAPIYNVLPTTSLVL,2.9,HLA-DRB1*09:01
1,389,403,LNANIRYVNTGTAPI,3.2,HLA-DRB1*09:01
1,394,408,RYVNTGTAPIYNVLP,3.7,HLA-DRB1*09:01
1,409,423,TTSLVLGKNQTLATI,4.8,HLA-DRB1*09:01
1,83,97,PSENQYFQSAIWSGF,5.7,HLA-DRB1*09:01
1,226,240,KNKRTFLSPWISNIH,7.9,HLA-DRB1*09:01
1,644,658,AHREVINSSTEGLLL,8,HLA-DRB1*09:01
1,342,356,FFDIGGSVSAGFSNS,8,HLA-DRB1*09:01
1,511,525,PQIQETTARIIFNGK,8,HLA-DRB1*09:01
1,88,102,YFQSAIWSGFIKVKK,8.4,HLA-DRB1*09:01
1,102,116,KSDEYTFATSADNHV,8.7,HLA-DRB1*09:01
1,133,147,NKIRLEKGRLYQIKI,9.2,HLA-DRB1*09:01
1,524,538,GKDLNLVERRIAAVN,0.61,HLA-DRB1*11:01
1,465,479,YNQFLELEKTKQLRL,1.6,HLA-DRB1*11:01
1,2,16,KKRKVLIPLMALSTI,4.7,HLA-DRB1*11:01
1,94,108,WSGFIKVKKSDEYTF,4.8,HLA-DRB1*11:01
1,615,629,KMNILIRDKRFHYDR,5.5,HLA-DRB1*11:01
1,598,612,LNVTNIYTVLDKIKL,6.4,HLA-DRB1*11:01
1,607,621,LDKIKLNAKMNILIR,7.5,HLA-DRB1*11:01
1,133,147,NKIRLEKGRLYQIKI,9.2,HLA-DRB1*11:01
1,133,147,NKIRLEKGRLYQIKI,0.4,HLA-DRB1*12:01
1,2,16,KKRKVLIPLMALSTI,1.2,HLA-DRB1*12:01
1,607,621,LDKIKLNAKMNILIR,3.4,HLA-DRB1*12:01
1,550,564,MTLKEALKIAFGFNE,6.2,HLA-DRB1*12:01
1,7,21,LIPLMALSTILVSST,7.4,HLA-DRB1*12:01
1,400,414,TAPIYNVLPTTSLVL,7.9,HLA-DRB1*12:01
1,615,629,KMNILIRDKRFHYDR,8.6,HLA-DRB1*12:01
1,281,295,RHPLVAAYPIVHVDM,9.7,HLA-DRB1*12:01
1,607,621,LDKIKLNAKMNILIR,0.14,HLA-DRB1*13:02
1,409,423,TTSLVLGKNQTLATI,1.4,HLA-DRB1*13:02
1,455,469,DFSSTPITMNYNQFL,1.5,HLA-DRB1*13:02
1,622,636,DKRFHYDRNNIAVGA,1.5,HLA-DRB1*13:02
1,460,474,PITMNYNQFLELEKT,1.7,HLA-DRB1*13:02
1,383,397,TADTARLNANIRYVN,2,HLA-DRB1*13:02
1,171,185,KKEVISSDNLQLPEL,3,HLA-DRB1*13:02
1,133,147,NKIRLEKGRLYQIKI,3.4,HLA-DRB1*13:02
1,400,414,TAPIYNVLPTTSLVL,6.1,HLA-DRB1*13:02
1,123,137,QEVINKASNSNKIRL,6.3,HLA-DRB1*13:02
1,511,525,PQIQETTARIIFNGK,7.8,HLA-DRB1*13:02
1,389,403,LNANIRYVNTGTAPI,7.9,HLA-DRB1*13:02
1,287,301,AYPIVHVDMENIILS,8,HLA-DRB1*13:02
1,358,372,SSTVAIDHSLSLAGE,8.1,HLA-DRB1*13:02
1,16,30,ILVSSTGNLEVIQAE,8.2,HLA-DRB1*13:02
1,394,408,RYVNTGTAPIYNVLP,8.7,HLA-DRB1*13:02
1,50,64,GYYFSDLNFQAPMVV,9,HLA-DRB1*13:02
1,519,533,RIIFNGKDLNLVERR,9,HLA-DRB1*13:02
1,409,423,TTSLVLGKNQTLATI,1.3,HLA-DRB1*15:01
1,281,295,RHPLVAAYPIVHVDM,1.8,HLA-DRB1*15:01
1,133,147,NKIRLEKGRLYQIKI,2.2,HLA-DRB1*15:01
1,2,16,KKRKVLIPLMALSTI,3.3,HLA-DRB1*15:01
1,607,621,LDKIKLNAKMNILIR,3.9,HLA-DRB1*15:01
1,226,240,KNKRTFLSPWISNIH,6.1,HLA-DRB1*15:01
1,400,414,TAPIYNVLPTTSLVL,7.3,HLA-DRB1*15:01
1,242,256,KKGLTKYKSSPEKWS,7.5,HLA-DRB1*15:01
1,622,636,DKRFHYDRNNIAVGA,0.2,HLA-DRB3*01:01
1,474,488,TKQLRLDTDQVYGNI,0.34,HLA-DRB3*01:01
1,358,372,SSTVAIDHSLSLAGE,0.6,HLA-DRB3*01:01
1,50,64,GYYFSDLNFQAPMVV,0.96,HLA-DRB3*01:01
1,287,301,AYPIVHVDMENIILS,1.4,HLA-DRB3*01:01
1,495,509,NGRVRVDTGSNWSEV,2.6,HLA-DRB3*01:01
1,114,128,NHVTMWVDDQEVINK,2.7,HLA-DRB3*01:01
1,171,185,KKEVISSDNLQLPEL,4.7,HLA-DRB3*01:01
1,615,629,KMNILIRDKRFHYDR,6.5,HLA-DRB3*01:01
1,162,176,KLYWTDSQNKKEVIS,7.6,HLA-DRB3*01:01
1,133,147,NKIRLEKGRLYQIKI,7.8,HLA-DRB3*01:01
1,455,469,DFSSTPITMNYNQFL,8.3,HLA-DRB3*01:01
1,460,474,PITMNYNQFLELEKT,8.4,HLA-DRB3*01:01
1,218,232,VEGYTVDVKNKRTFL,9.3,HLA-DRB3*01:01
1,622,636,DKRFHYDRNNIAVGA,0.38,HLA-DRB3*02:02
1,557,571,KIAFGFNEPNGNLQY,1.3,HLA-DRB3*02:02
1,460,474,PITMNYNQFLELEKT,1.7,HLA-DRB3*02:02
1,607,621,LDKIKLNAKMNILIR,2.1,HLA-DRB3*02:02
1,455,469,DFSSTPITMNYNQFL,2.1,HLA-DRB3*02:02
1,409,423,TTSLVLGKNQTLATI,2.1,HLA-DRB3*02:02
1,268,282,VTGRIDKNVSPEARH,2.3,HLA-DRB3*02:02
1,481,495,TDQVYGNIATYNFEN,2.5,HLA-DRB3*02:02
1,383,397,TADTARLNANIRYVN,3,HLA-DRB3*02:02
1,394,408,RYVNTGTAPIYNVLP,4.9,HLA-DRB3*02:02
1,315,329,TRTISKNTSTSRTHT,5.4,HLA-DRB3*02:02
1,50,64,GYYFSDLNFQAPMVV,5.4,HLA-DRB3*02:02
1,400,414,TAPIYNVLPTTSLVL,6,HLA-DRB3*02:02
1,376,390,AETMGLNTADTARLN,6.1,HLA-DRB3*02:02
1,430,444,LSQILAPNNYYPSKN,6.2,HLA-DRB3*02:02
1,389,403,LNANIRYVNTGTAPI,6.3,HLA-DRB3*02:02
1,123,137,QEVINKASNSNKIRL,6.6,HLA-DRB3*02:02
1,231,245,FLSPWISNIHEKKGL,6.8,HLA-DRB3*02:02
1,435,449,APNNYYPSKNLAPIA,7.7,HLA-DRB3*02:02
1,519,533,RIIFNGKDLNLVERR,8.7,HLA-DRB3*02:02
1,171,185,KKEVISSDNLQLPEL,9.3,HLA-DRB3*02:02
1,281,295,RHPLVAAYPIVHVDM,9.9,HLA-DRB3*02:02
1,2,16,KKRKVLIPLMALSTI,1.4,HLA-DRB4*01:01
1,139,153,KGRLYQIKIQYQREN,2.1,HLA-DRB4*01:01
1,133,147,NKIRLEKGRLYQIKI,2.2,HLA-DRB4*01:01
1,281,295,RHPLVAAYPIVHVDM,4.9,HLA-DRB4*01:01
1,524,538,GKDLNLVERRIAAVN,5,HLA-DRB4*01:01
1,7,21,LIPLMALSTILVSST,5.2,HLA-DRB4*01:01
1,295,309,MENIILSKNEDQSTQ,6.2,HLA-DRB4*01:01
1,615,629,KMNILIRDKRFHYDR,6.7,HLA-DRB4*01:01
1,607,621,LDKIKLNAKMNILIR,7.8,HLA-DRB4*01:01
1,420,434,LATIKAKENQLSQIL,8.2,HLA-DRB4*01:01
1,590,604,NIKNQLAELNVTNIY,9.8,HLA-DRB4*01:01
1,133,147,NKIRLEKGRLYQIKI,2.1,HLA-DRB5*01:01
1,486,500,GNIATYNFENGRVRV,3.1,HLA-DRB5*01:01
1,123,137,QEVINKASNSNKIRL,5.5,HLA-DRB5*01:01
1,281,295,RHPLVAAYPIVHVDM,6.5,HLA-DRB5*01:01
1,88,102,YFQSAIWSGFIKVKK,6.7,HLA-DRB5*01:01
1,2,16,KKRKVLIPLMALSTI,7.2,HLA-DRB5*01:01
1,400,414,TAPIYNVLPTTSLVL,8.3,HLA-DRB5*01:01
1,182,196,LPELKQKSSNSRKKR,8.6,HLA-DRB5*01:01
1,236,250,ISNIHEKKGLTKYKS,9.4,HLA-DRB5*01:01
